Filename,URL
co-ords_IMG_9690.jpg,https://i.ibb.co/M5hXn0tw/IMG-9690.jpg
co-ords_IMG_9706.jpg,https://i.ibb.co/C5Fp6jy3/IMG-9706.jpg
co-ords_IMG_9819.jpg,https://i.ibb.co/DZs5gmj/IMG-9819.jpg
co-ords_IMG_9841.jpg,https://i.ibb.co/ccDcJtbn/IMG-9841.jpg
co-ords_IMG_9869.jpg,https://i.ibb.co/C5KnKR25/IMG-9869.jpg
co-ords_IMG_9885.jpg,https://i.ibb.co/nNCd7yLc/IMG-9885.jpg
co-ords_PNG-Logo.png,https://i.ibb.co/Y4Vv2SHq/PNG-Logo.png
najarah_Najarah-001-Black-A.jpg,https://i.ibb.co/WNPKqcKz/Najarah-001-Black-A.jpg
najarah_Najarah-001-DarkGrey-A.jpg,https://i.ibb.co/rGwh8YCM/Najarah-001-Dark-Grey-A.jpg
najarah_Najarah-001-Grey-A.jpg,https://i.ibb.co/XrGDr7kT/Najarah-001-Grey-A.jpg
najarah_Najarah-001-Pink-A.jpg,https://i.ibb.co/206h8jW5/Najarah-001-Pink-A.jpg
najarah_Najarah-001-TealBlue-A.jpg,https://i.ibb.co/nM9Zvn9k/Najarah-001-Teal-Blue-A.jpg
najarah_Najarah-001-Turkish-A.jpg,https://i.ibb.co/tT20c8q5/Najarah-001-Turkish-A.jpg
najarah_Najarah-001-Wine-A.jpg,https://i.ibb.co/4ZF72Q9Y/Najarah-001-Wine-A.jpg
najarah_PNG-Logo.png,https://i.ibb.co/DgG8BNRY/PNG-Logo.png
rim-jhim_PNG-Logo.png,https://i.ibb.co/6LK95b4/PNG-Logo.png
rim-jhim_RimJhim-001-Black-A.jpg,https://i.ibb.co/v67XSsmq/Rim-Jhim-001-Black-A.jpg
rim-jhim_RimJhim-001-Green-A.jpg,https://i.ibb.co/cKVfZHgV/Rim-Jhim-001-Green-A.jpg
rim-jhim_RimJhim-001-Grey-A.jpg,https://i.ibb.co/C5Rkkn6y/Rim-Jhim-001-Grey-A.jpg
rim-jhim_RimJhim-001-Wine-A.jpg,https://i.ibb.co/SXxFTHjN/Rim-Jhim-001-Wine-A.jpg
rim-jhim_RimJhim-002-Black-A.jpg,https://i.ibb.co/9mZhzv02/Rim-Jhim-002-Black-A.jpg
rim-jhim_RimJhim-002-Green-A.jpg,https://i.ibb.co/B5zF6GW8/Rim-Jhim-002-Green-A.jpg
rim-jhim_RimJhim-002-Grey-A.jpg,https://i.ibb.co/tTdtSHmR/Rim-Jhim-002-Grey-A.jpg
rim-jhim_RimJhim-002-TealBlue-A.jpg,https://i.ibb.co/XZF7yQgD/Rim-Jhim-002-Teal-Blue-A.jpg
rim-jhim_RimJhim-002-Wine-A.jpg,https://i.ibb.co/yccbWmHk/Rim-Jhim-002-Wine-A.jpg
saanjh_PNG-Logo.png,https://i.ibb.co/qYrGJmD2/PNG-Logo.png
saanjh_Saanjh-001-BottleGreen-A.jpg,https://i.ibb.co/9Lyhk7S/Saanjh-001-Bottle-Green-A.jpg
saanjh_Saanjh-001-Green-A.jpg,https://i.ibb.co/4Rgk7Gxz/Saanjh-001-Green-A.jpg
saanjh_Saanjh-001-Grey-A.jpg,https://i.ibb.co/R4N3VgW1/Saanjh-001-Grey-A.jpg
saanjh_Saanjh-001-LightGrey-A.jpg,https://i.ibb.co/mVps1cb7/Saanjh-001-Light-Grey-A.jpg
saanjh_Saanjh-001-Multicolor-A.jpg,https://i.ibb.co/SD5w234P/Saanjh-001-Multicolor-A.jpg
saanjh_Saanjh-001-NavyBlue-A.jpg,https://i.ibb.co/jZ6kCzWC/Saanjh-001-Navy-Blue-A.jpg
saanjh_Saanjh-001-Pink-A.jpg,https://i.ibb.co/VpQY3XRb/Saanjh-001-Pink-A.jpg
saanjh_Saanjh-001-Wine-A.jpg,https://i.ibb.co/tT93cCxK/Saanjh-001-Wine-A.jpg
